Student Number,Person ID
681884,737668
676613,735943
675921,735539
675851,735523
675705,735495
675502,735415
674833,735168
674737,735114
674389,735076
671581,734977
671577,734976
671534,734962
671522,734957
671514,734951
671480,734921
671476,734917
671474,734915
670879,734806
670769,734772
670097,734703
670093,734699
670088,734693
669093,734417
668694,734368
663592,733950
663150,733828
663120,733802
661304,733124
661274,733094
658621,732590
658579,732553
658440,732531
657955,732389
657381,732323
656166,731992
655009,731801
654978,731793
654697,731754
654107,731687
654103,731684
654078,731658
652942,731362
652840,731298
651940,731122
651890,731080
651661,731020
651436,730972
651249,730876
651147,730814
650331,730661
649894,730440
649611,730377
648819,730080
647750,729858
645350,729366
645323,729348
645205,729338
644152,728947
644096,728888
644025,728831
643891,728760
643300,728544
642410,728313
641883,728158
641831,728122
640739,727933
640261,727761
640186,727694
639944,727586
638884,727315
638407,727115
637922,726902
637921,726901
637917,726898
637912,726894
637906,726890
637901,726886
637893,726880
637892,726879
637889,726878
637888,726877
637886,726876
637869,726863
637853,726850
637842,726839
637838,726835
637837,726834
637831,726828
637813,726811
637794,726792
637785,726783
637782,726780
637769,726768
637768,726767
637761,726762
637760,726761
637759,726760
636916,726463
636909,726460
636901,726456
636896,726453
636880,726445
636845,726430
636829,726422
636801,726402
636798,726400
636781,726387
636760,726371
636727,726347
636708,726331
636678,726309
636674,726305
636665,726297
636507,726198
636266,726155
635555,725982
635063,725810
634317,725552
634245,725511
634162,725473
633114,725018
632881,724931
632851,724909
632830,724895
632789,724865
632787,724864
632771,724852
632734,724827
631231,724408
630581,724142
630574,724136
630497,724066
630479,724049
630110,723938
629738,723777
628923,723435
628848,723361
628829,723342
628722,723314
628531,723134
627340,722755
627217,722630
626708,722442
626334,722331
626328,722325
626290,722287
626228,722228
626118,722158
626113,722154
625983,722108
625931,722085
625891,722046
625643,721838
623545,721128
623532,721117
622814,720796
621806,720531
621748,720494
621609,720427
621029,720138
620963,720112
619674,719812
619622,719765
619606,719749
619600,719743
619566,719710
619560,719705
618383,719269
618305,719229
618276,719210
618241,719180
617788,718968
617556,718871
617391,718816
615711,718381
615670,718339
615600,718277
615550,718232
614966,717845
614965,717844
614693,717725
613826,717316
613670,717200
612650,716650
612617,716629
612612,716625
612121,716303
609780,715461
608164,714783
608155,714774
608137,714756
607131,714467
607044,714407
606443,714077
606411,714061
606396,714050
606356,714019
606325,713991
606300,713972
606298,713969
606282,713957
606280,713955
606265,713939
606262,713936
606209,713895
605374,713467
605021,713316
604845,713167
604540,712962
604333,712823
603997,712661
603953,712630
603913,712590
603873,712551
603869,712547
603864,712542
603804,712486
603364,712354
601927,711740
600823,711035
600808,711025
600771,710996
600770,710995
600693,710942
600692,710941
600679,710929
600678,710928
600676,710926
600673,710923
600671,710921
600657,710907
600653,710903
600646,710896
600637,710886
600631,710880
600218,710517
599965,710384
599949,710375
599369,710215
599348,710200
598848,709890
598345,709614
597734,709177
597733,709176
597664,709130
596256,708754
596091,708738
595950,708673
595252,708456
595164,708414
595163,708413
595110,708383
594804,708304
594520,708175
594497,708168
594330,708042
594160,707876
593914,707687
593900,707676
593878,707654
593850,707630
593844,707625
593842,707623
593829,707610
592884,706978
592879,706972
592775,706872
592766,706863
591226,706081
590470,705572
590205,705514
590079,705396
589839,705259
589814,705234
589783,705214
589778,705211
588880,704728
587705,704269
587511,704174
586561,703735
586538,703712
586483,703666
585801,703317
585186,702959
584284,702707
584242,702686
584172,702641
584089,702583
584018,702548
583766,702344
583725,702307
583708,702292
583683,702275
583577,702204
583575,702202
583568,702196
582911,701632
582800,701527
582795,701522
582772,701503
582038,701070
581378,700732
581337,700696
580021,700069
579023,699620
579004,699604
578996,699598
578904,699543
578867,699528
578759,699470
578703,699441
578586,699346
578522,699290
578397,699196
577890,698912
577744,698808
576818,698222
576481,697994
576183,697811
576143,697777
576016,697734
575528,697278
575524,697274
574820,696930
574526,696721
574441,696662
574250,696583
574225,696564
574200,696550
574199,696548
574148,696512
574142,696507
573675,696158
573664,696151
573653,696146
573596,696124
573510,696080
573496,696068
572375,695612
572346,695594
572244,695551
571695,695260
571621,695191
570120,694645
569525,694386
569402,694312
568484,693881
567444,693349
567364,693291
567338,693271
567303,693246
567245,693205
566241,693038
565947,692909
565824,692859
565722,692810
564837,692442
564596,692269
564059,691940
563778,691794
563713,691745
563353,691389
563323,691360
563032,691185
563016,691172
563001,691157
562958,691119
562686,690969
562273,690770
560451,689482
560437,689470
560426,689463
560405,689446
560402,689444
560395,689438
560378,689423
560374,689420
560373,689419
560372,689418
560361,689409
560356,689404
560343,689392
560342,689391
559034,688911
557628,688429
557533,688388
556690,687817
556664,687793
556654,687784
556649,687779
556645,687775
556632,687762
556628,687758
556617,687747
556602,687732
556598,687728
556573,687705
556570,687702
556565,687697
556553,687685
556545,687677
556527,687659
556138,687482
556111,687456
556104,687449
556054,687406
554819,686793
554726,686719
554640,686658
553422,686056
553272,686037
553216,685996
552861,685723
552559,685459
551786,684910
551524,684726
551499,684703
551455,684664
551317,684583
551245,684548
551145,684501
551020,684426
551008,684421
550958,684391
550886,684353
550508,684298
548760,683337
548707,683315
548680,683308
548678,683306
548673,683301
548665,683293
548611,683249
548460,683187
547045,682330
547018,682307
545869,681663
545862,681662
545837,681644
545826,681637
545798,681627
545788,681622
545723,681604
545709,681594
545705,681590
545691,681582
545667,681570
545665,681569
545654,681562
545640,681554
545614,681542
545611,681539
545609,681538
545595,681531
545591,681528
545590,681527
545588,681525
545582,681521
545579,681518
545575,681514
545570,681510
545561,681501
545549,681490
545540,681483
545536,681481
545527,681474
545521,681472
545355,681348
545170,681183
544678,680814
544645,680783
544606,680752
544085,680360
544046,680319
543995,680272
543951,680231
543882,680195
543854,680173
543634,680093
543329,679915
542221,679411
542211,679403
541009,678932
541008,678931
540969,678903
540940,678881
540283,678426
538998,677702
538841,677622
538802,677592
536765,676555
536202,676336
533937,675409
533598,675194
533376,675057
533003,674848
532951,674803
532925,674785
532920,674781
531344,673985
530801,673768
530799,673766
530218,673387
529955,673239
529398,673019
529278,672897
529241,672860
529226,672845
529214,672833
529213,672832
528506,672610
528389,672522
528238,672377
527917,672083
526569,671307
526405,671155
526285,671038
526210,670968
526176,670948
526174,670946
526110,670896
525506,670769
525426,670722
524615,670170
524486,670048
524401,669967
524341,669945
523730,669444
523648,669370
523609,669349
523606,669348
523517,669314
523418,669263
523021,669054
523018,669053
522995,669046
522934,669018
522906,668993
522899,668989
522879,668970
520596,667584
520144,667323
520113,667311
520087,667304
520014,667259
519960,667210
519931,667185
519817,667135
519747,667070
519209,666564
519113,666477
518321,665839
518201,665742
517997,665582
517885,665507
517617,665330
516363,664598
516269,664520
516248,664502
516234,664489
515323,663907
514679,663613
514378,663403
514335,663365
514259,663312
514235,663291
514224,663284
514074,663168
514069,663165
513920,663032
513749,662944
512296,662248
512179,662189
512047,662079
511810,661979
511788,661960
511786,661958
511617,661814
511610,661808
511309,661663
511179,661585
510325,660998
510299,660971
510274,660947
510257,660934
510192,660869
510184,660860
509037,660062
508795,659866
508275,659558
507890,659320
507725,659212
507215,658809
507181,658780
507114,658722
507083,658693
507070,658681
505720,657731
505702,657716
505649,657669
505293,657413
505253,657389
505009,657233
504306,656740
504239,656691
504189,656655
504188,656654
504130,656617
504085,656601
503461,656305
503260,656130
503251,656122
503196,656077
503128,656047
503074,656020
503069,656015
502772,655768
502291,655509
502283,655503
502067,655334
501860,655162
501854,655156
501853,655155
501793,655102
501780,655091
501776,655088
501765,655079
501358,654817
500853,654391
500622,654184
500529,654106
500283,653883
500098,653740
499638,653403
499552,653334
499475,653281
499380,653221
498841,652902
498822,652887
498776,652848
498761,652834
498694,652770
498140,652305
498052,652226
498017,652192
497905,652081
497752,651927
497734,651909
497608,651847
497599,651838
497551,651805
497300,651581
497273,651555
497183,651470
497138,651427
497129,651418
496864,651171
496732,651058
496723,651049
496589,650927
495686,650232
495637,650198
495626,650188
495622,650184
495618,650181
495613,650176
495609,650173
495601,650165
495594,650158
495588,650152
495584,650149
495572,650139
495566,650133
495556,650124
495552,650120
495547,650115
495542,650112
495538,650109
495536,650107
495531,650102
495529,650100
495527,650098
495513,650085
495511,650083
495400,650031
495390,650027
495371,650020
495293,649975
495239,649938
495068,649818
494920,649684
494904,649668
494830,649599
494169,649125
494004,648972
493790,648787
493789,648786
493769,648767
493234,648488
493118,648390
492137,647642
492098,647603
492078,647582
492007,647513
491733,647304
491725,647296
491027,646716
490966,646662
490274,646043
490220,645993
490204,645977
490176,645950
490147,645923
489553,645606
489443,645512
489370,645445
489257,645348
489250,645341
489046,645166
488957,645083
488342,644773
488316,644753
488194,644653
487813,644449
487594,644259
487300,644156
487197,644073
487051,643991
486822,643812
486239,643585
486211,643556
485688,643252
485603,643173
485593,643163
485132,643051
485104,643026
485100,643022
485077,642999
485075,642998
485071,642994
485056,642980
485035,642961
485023,642950
485017,642945
485016,642944
485012,642940
484838,642845
484813,642833
484741,642805
484703,642787
484400,642623
484229,642499
484222,642494
484206,642479
484189,642462
484071,642396
482829,641610
482800,641583
482793,641576
482058,641061
481741,640895
481658,640827
481640,640811
478828,639823
477990,639046
477981,639036
477945,638996
477940,638992
477912,638971
477909,638968
477882,638947
477869,638935
477867,638933
477857,638926
477846,638917
477445,638736
477000,638527
476901,638447
476828,638386
476819,638377
476801,638362
476770,638333
476728,638295
475709,637727
475651,637673
474909,637029
474837,636961
473818,636394
473418,636020
472637,635495
472532,635396
472377,635267
471736,634837
471282,634464
471181,634371
470605,633831
469530,632956
469528,632954
469524,632950
468571,632310
468522,632261
467772,631660
465554,629729
464731,629032
464250,628714
464049,628529
464003,628486
463987,628472
463954,628440
463927,628412
463925,628410
463885,628370
463869,628354
463866,628351
463862,628347
463861,628346
463826,628310
463822,628306
463814,628299
463379,628060
461208,626773
461196,626761
460824,626454
460785,626422
460784,626421
460777,626414
460765,626403
460759,626398
460063,625936
460058,625931
460025,625897
459951,625825
459946,625819
457920,624334
457717,624144
457131,623606
456997,623475
456844,623335
456803,623295
455900,622484
455762,622389
454669,621435
454148,620979
453611,620489
453001,619959
452960,619919
452931,619891
452863,619833
452855,619826
452626,619612
450608,617943
448904,616663
447677,615530
446966,615071
446569,614730
446547,614711
446524,614689
446202,614389
446078,614301
445388,613816
445366,613792
445355,613781
445251,613675
444203,612873
444095,612771
444035,612712
443208,612120
442648,611668
441540,610856
440354,609764
439970,609408
439209,608704
439100,608623
438539,608180
437585,607334
436895,606726
436879,606711
436878,606710
436487,606357
435998,605894
435995,605891
435614,605539
435510,605444
435359,605303
435269,605240
433991,604391
430771,602753
430738,602724
430729,602715
430648,602647
430640,602639
430160,602201
430108,602163
430036,602101
428559,600938
428504,600885
427457,599930
427426,599905
425744,598667
425494,598439
425491,598436
424353,597672
422977,596528
422536,596098
422506,596067
422505,596066
422409,595973
421921,595609
421126,595087
421009,594975
420989,594955
420986,594952
417875,592949
417302,592638
414888,590851
414166,590316
413082,589315
413012,589255
406320,584669
406121,584516
406040,584436
405973,584370
405839,584243
404134,582892
403443,582302
401687,580882
401463,580669
397505,577499
396878,576943
396270,576545
393565,574329
390609,571746
387333,569617
385729,568460
380057,564627
380052,564622
374413,561097
372024,559407
362674,552087
356,547785
343533,538066
335934,531850
332937,529549
301188,509107
283517,497540
276697,493319
272770,491029
245188,473950
245180,473945
1382013,406527
1382010,406524
1381741,406234
1381664,406172
1380293,404961
1380276,404945
1380118,404788
1378968,403658
1377647,402256
1376649,401229
1375995,400550
1375783,400332
1375770,400318
1375280,399818
1375272,399810
1375221,399757
1374489,398986
1374483,398980
1374267,398747
1374255,398734
1374233,398712
1374232,398711
1373867,398328
1373622,398076
1373457,397904
1373233,397678
1371809,396331
1371601,396124
1369568,394126
1368407,392991
1368081,392669
1368046,392634
1367906,392499
1367743,392341
1367742,392340
1367251,391859
1365632,390181
1363728,388260
1363178,387719
1362205,386734
1359961,384399
1359940,384377
1359931,384368
1359242,383674
1359220,383651
1358637,383135
1356178,380797
1356140,380758
1354793,379367
1354742,379314
1352831,377393
1351781,376286
1350827,375305
1350402,374861
1347461,371906
1346976,371413
1345291,369633
1343838,368138
1342448,366722
1335105,359011
1335028,358930
1334644,358520
1334505,358369
1332782,356524
1330097,353710
1329801,353419
1329791,353409
1329589,353209
1329009,353000
1329007,352998
1329006,352997
1328743,352737
1328685,352681
1327697,351727
1327629,351663
1327627,351661
1327622,351656
1327269,351312
1327099,351148
1326794,350843
1326735,350785
1326693,350743
1326472,350529
1326263,350317
1326094,350143
1325955,350004
1325000,349032
1324973,349006
1323863,347843
1323700,347672
1323663,347634
1323650,347621
1323497,347465
1323406,347379
1321733,345632
1321448,345357
1321128,345069
1321098,345038
1320947,344888
1320889,344830
1319490,343478
1316298,340325
1315616,339654
1315601,339640
1314878,338934
1313337,337450
1313225,337342
1313144,337266
1313098,337223
1310540,334791
1310419,334702
1309827,334213
1306540,331125
1306485,331069
1306062,330624
1305013,329540
1303022,327459
1301361,325776
1300749,325164
1300209,324642
1298311,322751
1290316,314589
1290304,314579
1288734,313015
1287040,311330
1286561,310827
1285265,309477
1283483,307781
1283208,307531
1283151,307480
1283063,307400
1282957,307307
1282912,307267
1282273,306700
1280389,304933
1280248,304803
1279860,304434
1279532,304131
1279485,304085
1278709,303326
1278396,303027
1278084,302735
1277916,302621
1276915,301693
1276325,301109
1276005,300780
1275877,300657
1275544,300354
1274732,299570
1273621,298475
1273410,298274
1273317,298175
1272747,297632
1271714,296671
1271504,296475
1271181,296170
1270655,295686
1270393,295447
1269476,294586
1268685,293884
1268443,293625
1267772,292940
1265396,290562
1265328,290491
1264786,289925
1263427,288602
1263274,288444
1261424,286987
1260969,286521
1260024,285536
1259922,285430
1259632,285128
1259354,284839
1259134,284615
1257190,282650
1255927,281344
1255727,281159
1254471,279891
1254227,279634
1245981,271527
1244985,270611
1244840,270477
1243151,268717
1242291,267870
1239558,265234
1236859,262538
1236835,262514
1236561,262257
1236047,261738
1236038,261728
1235596,261279
1235574,261255
1233580,259233
1233575,259227
1233520,259171
1233152,258779
1232542,258183
1232281,257938
1231987,257665
1231782,257471
1231729,257420
1230264,256041
1230132,255913
1229199,255022
1228711,254571
1228688,254550
1228420,254290
1227456,253299
1226763,252599
1226753,252590
1225853,251733
1224455,250354
1224421,250319
1223552,249434
1223546,249428
1221732,247589
1221567,247429
1221227,247076
1220210,246054
1220177,246021
1220136,245978
1219106,245047
1218054,243958
1218033,243935
1218007,243907
1217406,243279
1216622,242456
1215514,241350
1213708,239530
1212153,237984
1211052,236870
1210009,235898
12094389,1851018
12094303,1850192
12094292,1849873
12094125,1849035
12093781,1842316
12093621,1847915
12093305,1844014
12092896,1844372
12092509,1843188
12091391,1838255
12091382,1837760
12090846,1833491
12090714,1835308
12090675,1833571
12090655,1830553
12090554,1834694
12090373,1832121
12090098,1831225
12089924,1831062
12089673,1830149
12089668,1827125
12089509,1828943
12088906,1813002
12088105,1823194
12087832,1822106
12087831,1822107
12087381,1816760
12086511,1815526
12086066,1812813
12085302,1809315
12085297,1809314
12085275,1810892
12085260,1810183
12084430,1793390
12084317,1801046
12083670,1785567
12083594,1785215
12083574,1790300
12083570,1790301
12083366,1801742
12082692,1800457
12082533,1791825
1208177,234073
12081463,1794936
12081462,1794937
12081125,1793594
12081120,1793593
12080326,1790793
12080229,1790531
12080207,1788470
12080181,1777811
12080149,1787652
12078791,1785624
12078275,1783555
12078114,1775361
12078002,1782251
12077928,1776102
12077883,1777288
12077014,1778538
12076781,1777313
12076370,1726359
12076197,1775340
12075999,1634262
12075903,1774078
12075758,1707317
12075692,1772902
12075675,1708465
12075541,1731131
12075426,1771329
12072838,1760652
12072225,1699576
12072041,1757471
12071775,1755799
12071530,1754273
12071240,1708624
12070893,1745813
12070812,1727816
12069731,1745669
12069589,1744780
12069493,1744355
12069265,1743083
12068708,1740832
12068514,1739810
12068262,1738388
12068250,1737573
12068245,1737572
12067035,1732381
12066989,1718125
12066355,1729203
12066237,1728699
12065987,1727231
12064952,1722006
12064101,1717825
12064077,1717807
12063941,1717054
12062787,1711560
12060668,1699982
12060273,1697693
12060058,1696779
12059640,1694746
12059626,1694711
12059410,1693587
12059358,1693136
12059353,1693081
12059193,1690818
12059191,1690816
12059190,1690817
12058661,1687973
12058660,1687972
12058654,1687961
12058122,1677428
12057949,1668311
12055746,1662492
12051322,1636041
12051074,1634254
12049906,1626947
12049874,1626764
12049375,1623355
12048811,1619774
12048563,1618506
12047507,1612341
12047439,1611977
12047122,1610093
12047070,1609684
12046655,1607486
12045834,1602727
12045577,1601383
12044653,1595734
12044090,1592388
12043739,1590017
12043346,1587780
12043341,1586469
12043150,1586452
12042953,1584957
12041936,1578266
12041553,1575472
12041444,1574698
12040961,1570309
12040948,1571375
12040488,1567951
12040238,1566192
12038835,1556273
12038128,1428276
12037938,1551482
12037910,1551323
12035835,1526908
12035695,1538233
12034316,1523695
12033963,1519779
12033181,1512178
12032974,1511138
12032407,1502651
12032402,1502593
12032398,1501993
12031946,1494564
12031945,1496700
12031257,1490301
12031156,1488336
12031112,1487780
12030852,1485114
12029891,1464352
12029694,1459972
12029238,1379007
12027743,1420581
12027241,1408305
12026213,1369796
12026209,1377387
12026205,1377371
12025907,1369609
12025906,1369594
12025530,1357744
12025529,1357743
12025527,1357742
12025519,1357746
12024908,1352625
12024872,1352233
12024319,1336276
12024077,1337691
12023976,1336275
12023461,1332169
12022794,1325723
12022310,1322178
12021746,1318004
12020914,1313490
12017730,1292983
12017719,1292674
12017715,1292673
12016603,1231732
12016109,1223999
12016101,1274969
12015689,1284447
12014457,1279720
12014329,1279218
12014300,1269873
12013974,1277777
12013272,1275340
12013187,1274967
12013089,1210654
12012524,1272522
12012161,1271123
12011662,1269045
12011033,1266799
12010798,1265889
12010257,1263348
12009524,1259739
12008437,1254505
12008062,1252833
12006970,1246539
12006617,1244969
12006390,1226624
12006015,1242351
12005826,1241288
12004927,1231616
12004320,1226630
12004137,1233534
12004122,1233535
12003798,1231731
12003723,1231337
12003641,1229368
12003404,1227794
12003395,1227795
12002790,1224098
12002784,1223998
12001827,1219411
12000744,1210433
12000133,1210655
1195617,221785
1193366,219521
1192769,218945
1192763,218939
1192206,218358
1192182,218333
1191116,217247
1191107,217237
1189483,215620
1188501,214729
1187925,214154
1187443,213669
1187296,213517
1186603,212803
1186381,212571
1186277,212466
1185749,211930
1185325,211487
1184202,210365
1183259,209460
1182968,209178
1182965,209176
1182402,208606
1181836,208045
1181832,208041
1181610,207843
1181305,207527
1181150,207369
1179590,205948
1179165,205533
1178370,204735
1177796,204167
1177575,204098
1176359,202877
1176015,202535
1175914,202437
1175865,202384
1175264,201760
1172687,199169
1172389,198860
1172251,198720
1171988,198450
1170261,196691
1168904,195485
1168304,194908
1166316,193020
1165485,192169
1165094,191774
1165000,191677
1163412,190196
1160172,187043
1160153,187023
1160105,186970
1151723,178516
1150023,176786
1149916,176678
1145621,172276
1144997,171656
1144788,171443
1144590,171241
1144063,170700
1144058,170694
1143744,170370
1143741,170367
1143513,170136
1143354,169965
1143263,169870
1143242,169847
1143239,169843
1142494,169083
1142493,169082
1142366,168952
1141826,168396
1139880,166858
1139788,166767
1139741,166719
1139128,166093
11391134,811732
11391097,811698
11389514,810250
11389503,810274
11389215,808962
11387638,807265
11387022,793588
11386783,793503
11386423,793208
11386262,793037
11386188,792838
11386128,792806
11385373,790352
11385364,790304
11385293,789998
11385253,790076
11384834,789400
11384560,789428
11384496,789199
11384446,789085
11384020,783888
11383220,782070
1138302,165279
11382634,781355
11382486,781415
11382469,781430
11382445,781428
11382408,781413
11382327,781053
11382326,781083
11381995,781132
11381282,780138
11380872,165031
11380808,164961
11380523,164651
11380256,164359
11379987,164065
11379974,164051
11379330,163352
11378993,162986
11378984,162976
11378335,162269
11378311,162243
11378145,162066
11378009,161916
11377877,161776
11377673,161556
11377589,161464
11377581,161456
11376195,159961
11376194,159960
11376192,159958
11375994,159744
11375800,159535
11375064,158732
11374705,158342
11373488,157018
11373482,157012
11373269,156780
1137312,156619
11372152,155705
11371414,154902
11371326,154807
11369998,153365
11369275,152577
11368329,151557
11366752,149851
11366027,149066
11364831,147764
11364591,147502
11364587,147497
11363867,146720
11363123,145912
11363070,145855
11363055,145838
11363037,145818
11362871,145636
11362376,145103
11361476,144131
11360833,143433
11360706,143295
11360627,143209
11360395,142956
11360236,142782
11359758,142262
11358149,140517
11357373,139677
11357359,139661
11356633,138874
11356513,138742
11356410,138629
11355153,137272
11354115,136145
11353799,135800
1135377,135769
11353110,135052
11353078,135016
1134720,133203
1134394,132868
1133081,131498
1133050,131464
1132844,131251
1132229,130599
1132228,130598
1130864,129203
1130848,129187
1130561,128912
1130439,128792
1130125,128487
1130037,128403
1129948,128315
1129941,128308
1129699,128070
1129606,127980
1128678,127060
1128237,126605
1127685,126040
1127672,126026
1125969,124295
1125536,123859
1125526,123849
1125375,123696
1125131,123446
1124880,123193
1124706,123023
1123762,122067
1123171,121463
1122760,121040
1122748,121027
1122477,120743
1122382,120643
1122358,120617
1122194,120446
1122035,120281
1121972,120216
1121807,120041
1121688,119915
1121576,119795
1121123,119313
1121010,119198
1120260,118419
1120247,118405
1120208,118364
1119662,117793
1119104,117221
1119052,117168
1118027,116125
1118015,116112
1115820,113830
1113360,111260
1113166,111061
1113164,111059
1112965,110854
1112391,110255
1111296,109119
1109619,107412
1109439,107242
1108518,106283
1100327,98109
1098814,96524
1098509,96199
1096424,94062
1096206,93853
1096097,93745
1095708,93369
1095242,92922
1095057,92742
1093915,91657
1093838,91591
1093416,91180
1093414,91178
1093312,91078
1093226,90996
1093124,90899
1092877,90656
1092745,90518
1092479,90240
1092393,90151
1091801,89532
1091183,88941
1090578,88329
1090226,87995
1089992,87762
1089891,87663
1089428,87216
1089200,87008
1089026,86838
1088707,86527
1088358,86178
1088144,85953
1087803,85604
1087549,85339
1087051,84822
1087023,84795
1086890,84662
1086819,84592
1086787,84561
1086336,84140
1085690,83523
1085669,83502
1085376,83214
1084714,82557
1084307,82141
1084018,81834
1083666,81465
1083369,81158
1083329,81116
1082677,80452
1082076,79875
1081649,79463
1081216,79044
1081206,79035
1081203,79033
1080993,78833
1080885,78730
1080812,78656
1080800,78644
1080271,78099
1080240,78069
1080049,77878
1079779,77597
1079264,77078
1079243,77055
1079133,76943
1078961,76768
1078733,76538
1078528,76332
1078437,76242
1078412,76216
1078389,76193
1078383,76187
1078333,76135
1077949,75741
1077698,75486
1077435,75216
1077264,75039
1077119,74888
1076696,74460
1076510,74269
1076261,74024
1076186,73948
1076124,73885
1076118,73880
1076080,73843
1075972,73736
1075850,73609
1075832,73590
1075744,73505
1075486,73243
1075356,73111
1075303,73061
1074987,72744
1074979,72736
1074974,72731
1074949,72705
1074893,72648
1074858,72617
1074721,72482
1074627,72388
1074570,72331
1074502,72266
1074487,72250
1074413,72175
1074314,72076
1074240,72001
1073932,71685
1073930,71683
1073895,71648
1073883,71635
1073834,71589
1073811,71566
1073549,71302
1073283,71032
1073241,70990
1073159,70904
1073110,70855
1072529,70256
1071804,69564
1071766,69527
1071599,69373
1071407,69188
1071389,69172
1071322,69105
1071314,69097
1071312,69095
1070930,68732
1070846,68657
1070808,68621
1070804,68617
1070448,68277
1069818,67633
1069802,67617
1069783,67597
1069724,67536
1069705,67516
1069526,67331
1069102,66894
1068910,66696
1068680,66460
1068388,66162
1068286,66061
1068038,65808
1067634,65408
1067273,65044
1067262,65032
1066518,64268
1066417,64167
1066412,64162
1066348,64100
1066000,63770
1065875,63655
1065697,63483
1065683,63470
1065630,63418
1065547,63339
1065508,63301
1065455,63252
1065302,63106
1065238,63046
1065171,62983
1065164,62977
1065104,62917
1064934,62754
1064885,62706
1064853,62678
1064784,62612
1064739,62569
1064737,62567
1064614,62448
1064523,62361
1064443,62285
1064337,62177
1064026,61862
1063843,61678
1063496,61332
1063476,61311
1063373,61207
1063359,61192
1063324,61158
1062619,60455
1062207,60058
1062206,60057
1061922,59784
1061759,59631
1061681,59557
1061607,59486
1061549,59430
1061240,59137
1061210,59108
1060998,58901
1060995,58898
1060951,58855
1060751,58667
1060703,58621
1060469,58400
1060429,58358
1060403,58331
1060372,58301
1060187,58118
1060094,58026
1060087,58018
1060059,57990
1059903,57835
1059875,57807
1059874,57806
1059834,57769
1059822,57756
1059742,57679
1059640,57578
1059486,57429
1059403,57344
1059307,57252
1059253,57198
1059226,57169
1058969,56929
1058746,56713
1058734,56701
1058727,56694
1058656,56627
1058555,56529
1058339,56322
1058252,56239
1058230,56217
1058226,56214
1058221,56210
1058161,56156
1058150,56147
1058141,56138
1058125,56122
1058120,56117
1058113,56111
1058095,56095
1058072,56077
1058071,56076
1058013,56022
1057970,55982
1057958,55970
1057937,55949
1057910,55923
1057875,55891
1057846,55863
1057741,55773
1057737,55769
1057731,55763
1057693,55729
1057686,55722
1057667,55705
1057637,55677
1057553,55601
1057541,55590
1057425,55483
1057328,55390
1057299,55362
1057292,55356
1057289,55353
1057261,55325
1057235,55302
1057223,55292
1057163,55236
1057124,55198
1056975,55062
1056742,54853
1056734,54845
1056733,54844
1056695,54809
1056653,54771
1056584,54705
1056474,54600
1056166,54318
1056159,54311
1056056,54207
1055901,54058
1055695,53850
1055672,53825
1055076,53210
1054924,53050
1054798,52927
1054780,52908
1054407,52530
1054342,52468
1054200,52338
1054051,52198
1053926,52085
1053834,51996
1053714,51883
1053486,51669
1053467,51652
1053394,51584
1053221,51421
1053171,51372
1053073,51281
1053066,51275
1052995,51207
1052936,51155
1052934,51153
1052933,51152
1052928,51147
1052838,51065
1052835,51062
1052822,51049
1052721,50955
1052698,50934
1052643,50883
1052636,50876
1052592,50833
1052391,50645
1052257,50525
1052058,50335
1052035,50312
1051934,50219
1051768,50067
1051716,50015
1051657,49961
1051643,49947
1051479,49792
1051470,49783
1051352,49675
1051319,49644
1051002,49353
1050998,49350
1050991,49343
1050651,49017
1050616,48983
1050521,48895
1050302,48673
1050277,48647
1050273,48643
1050214,48582
1050194,48562
1050180,48548
1050150,48520
1050122,48492
1049692,48048
1049639,47991
1049550,47897
1049343,47696
1049255,47609
1049101,47463
1049082,47446
1049072,47437
1048989,47362
1048979,47354
1048963,47340
1048941,47320
1048746,47135
1048321,46741
1047936,46396
1047880,46341
1047848,46310
1047839,46301
1047790,46255
1047750,46217
1047620,46096
1047608,46085
1047423,45909
1047175,45682
1046924,45450
1046882,45411
1046575,45130
1046346,44915
1046060,44641
1045478,44095
1044709,43379
1044702,43374
1044436,43119
1043260,42023
1043194,41960
1042809,41602
1042541,41347
1041519,40315
1041091,39873
1040568,39340
1040556,39328
1040542,39313
1040527,39296
1040136,38904
1039990,38758
1039819,38586
1039799,38566
1039616,38388
1039574,38346
1039361,38134
1039355,38127
1038580,37351
1038333,37114
1038141,36928
1038099,36889
1037994,36789
1037881,36683
1037201,36028
1036676,35601
1036655,35583
1036598,35527
1036596,35525
1036547,35480
1036404,35351
1036392,35341
1035740,34779
1035709,34752
1035426,34484
1035311,34372
1034803,33908
1034763,33869
1034453,33575
1034282,33418
1034158,33297
1034027,33166
1033735,32885
1033727,32877
1033723,32873
1033702,32853
1033694,32846
1033302,32462
1032745,31914
1032741,31910
1032689,31855
1032663,31829
1032065,31283
1032064,31282
1031097,30366
1031003,30278
1030953,30234
1030880,30164
1030861,30146
1030522,29834
1030193,29514
1030099,29417
1029982,29303
1029889,29209
1029718,29038
1029523,28837
1029454,28766
1029426,28736
1029419,28728
1029399,28707
1029149,28450
1029126,28425
1029020,28312
1028799,28089
1028245,27549
1028090,27392
1028042,27343
1028027,27327
1027943,27244
1027819,27118
1027438,26734
1027430,26726
1027332,26636
1027066,26398
1027015,26344
1026526,25858
1026402,25731
1026168,25500
1026149,25481
1026045,25380
1025926,25262
1025643,24990
1025597,24943
1025342,24691
1025333,24682
1025199,24545
1025075,24418
1025031,24373
1024861,24205
1024660,24007
1024613,23965
1024491,23853
1024414,23776
1024407,23768
1024272,23634
1024271,23633
1024267,23630
1024245,23607
1024231,23593
1024209,23570
1023989,23348
1023982,23341
1023862,23221
1023845,23202
1023807,23160
1023750,23100
1023268,22620
1022769,22139
1022544,21918
1022523,21897
1022203,21591
1022171,21559
1022033,21421
1021911,21301
1021740,21135
1021633,21028
1021359,20749
1021133,20527
1021030,20426
1021002,20397
1020843,20237
1020820,20218
1020772,20172
1020707,20113
1020677,20085
1020591,20008
1020536,19956
1020532,19952
1020483,19904
1020324,19750
1020200,19640
1020178,19618
1020136,19581
1019992,19445
1019974,19427
1019472,18968
1019460,18956
1019440,18937
1019428,18925
1019398,18897
1019284,18785
1019266,18767
1019260,18761
1019221,18724
1019211,18714
1019161,18666
1019124,18631
1019111,18620
1018994,18516
1018918,18447
1018858,18391
1018674,18228
1018642,18204
1018539,18111
1018344,17917
1018231,17805
1018200,17773
1017619,17209
1017527,17122
1017439,17037
1017357,16957
1017015,16623
1016923,16535
1016694,16305
1016630,16239
1016577,16185
1016430,16033
1016371,15975
1016301,15904
1016122,15721
1016040,15643
1015980,15593
1015971,15583
1015747,15364
1015702,15318
1015652,15265
1015628,15242
1015613,15228
1015449,15062
1015367,14981
1015338,14949
1015231,14844
1015177,14787
1015133,14742
1015059,14670
1014969,14579
1014809,14428
1014776,14396
1014656,14280
1014598,14222
1014597,14221
1014397,14038
1014335,13978
1014246,13889
1014147,13789
1014095,13737
1014092,13734
1014012,13655
1014010,13653
1013859,13503
1013834,13481
1013572,13238
1013566,13234
1013524,13196
1013261,12941
1013185,12867
1013007,12704
1012787,12501
1012761,12478
1012552,12280
1012214,11938
1012097,11819
1012070,11792
1011986,11705
1011476,11188
1011292,11003
1011167,10878
1011065,10770
1011039,10742
1010880,10578
1010643,10346
1010408,10118
1010406,10116
1010396,10105
1010348,10055
1010287,9994
1010277,9983
1010265,9972
1010256,9963
1010062,9765
1009905,9614
1009628,9339
1009317,9027
1009190,8894
1009154,8859
1009075,8776
1008950,8657
1008786,8503
1008766,8485
1008674,8402
1008365,8099
1008174,7906
1007665,7419
1007660,7414
1007530,7282
1007529,7280
1007516,7267
1007260,7020
1007232,6991
1007076,6845
1007038,6806
1006986,6752
1006955,6720
1006825,6589
1006640,6408
1006579,6347
1006547,6314
1006173,5956
1006134,5918
1006123,5907
1006118,5901
1005944,5718
1005626,5403
1005456,5228
1005448,5219
1005388,5157
1005127,4896
1005079,4845
1005047,4810
1004761,4517
1004439,4199
1004427,4187
1004226,3988
1004188,3956
1004068,3836
1004028,3796
1003975,3743
1003914,3685
1003614,3384
1003521,3293
1003398,3174
1003385,3161
1003365,3141
1003190,2978
1002967,2767
1002901,2702
1002599,2398
1002294,2093
1002161,1964
1001538,1373
1001480,1321
1001399,1244
1001278,1128
1001187,1042
1001164,1021
1000897,767
1000857,731
1000824,702
1000526,428
1000384,317
1000278,237
1000175,151
1000170,147
1000091,87
